{"cameraMode":{"drawMode":0,"name":"Shaded","section":"Shading Mode"},"sceneLighting":true,"audioPlay":false,"sceneViewState":{"m_AlwaysRefresh":false,"showFog":true,"showSkybox":true,"showFlares":true,"showImageEffects":true,"showParticleSystems":true,"showVisualEffectGraphs":true,"m_FxEnabled":true},"in2DMode":false,"pivot":{"x":-1.4589818716049195,"y":-8.546222686767579,"z":3.974332809448242},"rotation":{"x":0.5652920007705689,"y":-0.04060715436935425,"z":0.027588680386543275,"w":0.8236182332038879},"size":17.730134963989259,"orthographic":false}